{
    "quality": {
        "max_memory_gb": 25.044189184,
        "layer_0_special_percentage": 1.2596514961133023,
        "layer_0_punctuation_percentage": 45.63933947493927,
        "layer_1_special_percentage": 1.259515999088894,
        "layer_1_punctuation_percentage": 45.63933947493927,
        "layer_2_special_percentage": 1.2641218083573973,
        "layer_2_punctuation_percentage": 45.63933947493927,
        "layer_3_special_percentage": 1.2585000184601582,
        "layer_3_punctuation_percentage": 45.63933947493927,
        "layer_4_special_percentage": 1.2631059290727338,
        "layer_4_punctuation_percentage": 45.63933947493927,
        "layer_5_special_percentage": 1.2631059290727338,
        "layer_5_punctuation_percentage": 45.63933947493927,
        "layer_6_special_percentage": 1.26195445141959,
        "layer_6_punctuation_percentage": 45.63933947493927,
        "layer_7_special_percentage": 1.2608029737664461,
        "layer_7_punctuation_percentage": 45.63933947493927,
        "layer_8_special_percentage": 1.2654088843790214,
        "layer_8_punctuation_percentage": 45.63933947493927,
        "layer_9_special_percentage": 1.2585000184601582,
        "layer_9_punctuation_percentage": 45.63933947493927,
        "layer_10_special_percentage": 1.26195445141959,
        "layer_10_punctuation_percentage": 45.63933947493927,
        "layer_11_special_percentage": 1.2601260904029838,
        "layer_11_punctuation_percentage": 45.63933947493927,
        "layer_12_special_percentage": 1.2642574067258776,
        "layer_12_punctuation_percentage": 45.63933947493927,
        "layer_13_special_percentage": 1.2631059290727338,
        "layer_13_punctuation_percentage": 45.63933947493927,
        "layer_14_special_percentage": 1.2630381298884936,
        "layer_14_punctuation_percentage": 45.63933947493927,
        "layer_15_special_percentage": 1.2596514961133023,
        "layer_15_punctuation_percentage": 45.63933947493927,
        "layer_16_special_percentage": 1.2596514961133023,
        "layer_16_punctuation_percentage": 45.63933947493927,
        "layer_17_special_percentage": 1.2642574067258776,
        "layer_17_punctuation_percentage": 45.63933947493927,
        "layer_18_special_percentage": 1.26195445141959,
        "layer_18_punctuation_percentage": 45.63933947493927,
        "layer_19_special_percentage": 1.2608706716066143,
        "layer_19_punctuation_percentage": 45.63933947493927,
        "layer_20_special_percentage": 1.2631059290727338,
        "layer_20_punctuation_percentage": 45.63933947493927,
        "layer_21_special_percentage": 1.2643252059101178,
        "layer_21_punctuation_percentage": 45.63933947493927,
        "layer_22_special_percentage": 1.2608029737664461,
        "layer_22_punctuation_percentage": 45.63933947493927,
        "layer_23_special_percentage": 1.2608029737664461,
        "layer_23_punctuation_percentage": 45.63933947493927,
        "layer_24_special_percentage": 1.26195445141959,
        "layer_24_punctuation_percentage": 45.63933947493927,
        "layer_25_special_percentage": 1.2631059290727338,
        "layer_25_punctuation_percentage": 45.63933947493927,
        "layer_26_special_percentage": 1.2654088843790214,
        "layer_26_punctuation_percentage": 45.63933947493927,
        "layer_27_special_percentage": 1.2631059290727338,
        "layer_27_punctuation_percentage": 45.63933947493927,
        "layer_28_special_percentage": 1.2642574067258776,
        "layer_28_punctuation_percentage": 45.63933947493927,
        "layer_29_special_percentage": 1.2645963013030066,
        "layer_29_punctuation_percentage": 45.63933947493927,
        "layer_30_special_percentage": 1.2665603620321653,
        "layer_30_punctuation_percentage": 45.63933947493927,
        "layer_31_special_percentage": 1.2699470971514288,
        "layer_31_punctuation_percentage": 45.63933947493927,
        "head_0_special_percentage": 1.2596514961133023,
        "head_0_punctuation_percentage": 45.63933947493927,
        "head_1_special_percentage": 1.2596514961133023,
        "head_1_punctuation_percentage": 45.63933947493927,
        "head_2_special_percentage": 1.262022149259758,
        "head_2_punctuation_percentage": 45.63933947493927,
        "head_3_special_percentage": 1.2630381298884936,
        "head_3_punctuation_percentage": 45.63933947493927,
        "head_4_special_percentage": 1.26195445141959,
        "head_4_punctuation_percentage": 45.63933947493927,
        "head_5_special_percentage": 1.2631737282569742,
        "head_5_punctuation_percentage": 45.63933947493927,
        "head_6_special_percentage": 1.262902632864085,
        "head_6_punctuation_percentage": 45.63933947493927,
        "head_7_special_percentage": 1.2654088843790214,
        "head_7_punctuation_percentage": 45.63933947493927,
        "head_8_special_percentage": 1.2608029737664461,
        "head_8_punctuation_percentage": 45.63933947493927,
        "head_9_special_percentage": 1.2608029737664461,
        "head_9_punctuation_percentage": 45.63933947493927,
        "head_10_special_percentage": 1.2618867535794218,
        "head_10_punctuation_percentage": 45.63933947493927,
        "head_11_special_percentage": 1.2596514961133023,
        "head_11_punctuation_percentage": 45.63933947493927,
        "head_12_special_percentage": 1.2608029737664461,
        "head_12_punctuation_percentage": 45.63933947493927,
        "head_13_special_percentage": 1.2608029737664461,
        "head_13_punctuation_percentage": 45.63933947493927,
        "head_14_special_percentage": 1.2627679402864005,
        "head_14_punctuation_percentage": 45.63933947493927,
        "head_15_special_percentage": 1.2642574067258776,
        "head_15_punctuation_percentage": 45.63933947493927,
        "head_16_special_percentage": 1.2631059290727338,
        "head_16_punctuation_percentage": 45.63933947493927,
        "head_17_special_percentage": 1.2642574067258776,
        "head_17_punctuation_percentage": 45.63933947493927,
        "head_18_special_percentage": 1.26195445141959,
        "head_18_punctuation_percentage": 45.63933947493927,
        "head_19_special_percentage": 1.2631059290727338,
        "head_19_punctuation_percentage": 45.63933947493927,
        "head_20_special_percentage": 1.267711839685309,
        "head_20_punctuation_percentage": 45.63933947493927,
        "head_21_special_percentage": 1.2631059290727338,
        "head_21_punctuation_percentage": 45.63933947493927,
        "head_22_special_percentage": 1.2631059290727338,
        "head_22_punctuation_percentage": 45.63933947493927,
        "head_23_special_percentage": 1.2631059290727338,
        "head_23_punctuation_percentage": 45.63933947493927,
        "head_24_special_percentage": 1.26195445141959,
        "head_24_punctuation_percentage": 45.63933947493927,
        "head_25_special_percentage": 1.267711839685309,
        "head_25_punctuation_percentage": 45.63933947493927,
        "head_26_special_percentage": 1.2606674767420378,
        "head_26_punctuation_percentage": 45.63933947493927,
        "head_27_special_percentage": 1.26195445141959,
        "head_27_punctuation_percentage": 45.63933947493927,
        "head_28_special_percentage": 1.2642574067258776,
        "head_28_punctuation_percentage": 45.63933947493927,
        "head_29_special_percentage": 1.2608029737664461,
        "head_29_punctuation_percentage": 45.63933947493927,
        "head_30_special_percentage": 1.2608029737664461,
        "head_30_punctuation_percentage": 45.63933947493927,
        "head_31_special_percentage": 1.2643251045660457,
        "head_31_punctuation_percentage": 45.63933947493927,
        "prefill_tokens": 2908.710144927536,
        "decode_tokens": 31.768115942028984,