{
    "max_memory_gb": 24.698159104,
    "layer_0_special_percentage": 3.125,
    "layer_0_punctuation_percentage": 12.239406419836957,
    "layer_1_special_percentage": 3.12889209692029,
    "layer_1_punctuation_percentage": 14.85259567481884,
    "layer_2_special_percentage": 3.13331493432971,
    "layer_2_punctuation_percentage": 13.668690557065217,
    "layer_3_special_percentage": 3.1479987545289854,
    "layer_3_punctuation_percentage": 13.541312839673912,
    "layer_4_special_percentage": 3.139153079710145,
    "layer_4_punctuation_percentage": 13.022425554800725,
    "layer_5_special_percentage": 3.147821841032609,
    "layer_5_punctuation_percentage": 13.308317764945652,
    "layer_6_special_percentage": 3.1732973845108696,
    "layer_6_punctuation_percentage": 14.452948086503623,
    "layer_7_special_percentage": 3.1602057857789854,
    "layer_7_punctuation_percentage": 15.306555706521738,
    "layer_8_special_percentage": 3.1955884850543477,
    "layer_8_punctuation_percentage": 15.336807914402174,
    "layer_9_special_percentage": 2.825390189520624,
    "layer_9_punctuation_percentage": 14.951511350967872,
    "layer_10_special_percentage": 2.5735461671679887,
    "layer_10_punctuation_percentage": 14.589457433233068,
    "layer_11_special_percentage": 2.4289664378337146,
    "layer_11_punctuation_percentage": 14.11970823798627,
    "layer_12_special_percentage": 2.239183716965047,
    "layer_12_punctuation_percentage": 13.947216732542818,
    "layer_13_special_percentage": 2.0399398515028198,
    "layer_13_punctuation_percentage": 14.031934925394445,
    "layer_14_special_percentage": 1.9083780027794321,
    "layer_14_punctuation_percentage": 13.921460360002646,
    "layer_15_special_percentage": 1.7458757323465925,
    "layer_15_punctuation_percentage": 13.742483811285847,
    "layer_16_special_percentage": 1.6530797101449275,
    "layer_16_punctuation_percentage": 13.569814943126048,
    "layer_17_special_percentage": 1.5526617543288281,
    "layer_17_punctuation_percentage": 13.005821527438528,
    "layer_18_special_percentage": 1.4782511298114385,
    "layer_18_punctuation_percentage": 13.163114903121915,
    "layer_19_special_percentage": 1.4003009088676,
    "layer_19_punctuation_percentage": 12.927259887005649,
    "layer_20_special_percentage": 1.334740085744909,
    "layer_20_punctuation_percentage": 12.356193788154155,
    "layer_21_special_percentage": 1.266869432256349,
    "layer_21_punctuation_percentage": 12.020509240792448,
    "layer_22_special_percentage": 1.2098861283643894,
    "layer_22_punctuation_percentage": 11.848710757594963,
    "layer_23_special_percentage": 1.1405726454321585,
    "layer_23_punctuation_percentage": 11.651351378628235,
    "layer_24_special_percentage": 1.1071859903381642,
    "layer_24_punctuation_percentage": 11.609420289855072,
    "layer_25_special_percentage": 1.0860202973448676,
    "layer_25_punctuation_percentage": 11.823636389169756,
    "layer_26_special_percentage": 1.0398685582766931,
    "layer_26_punctuation_percentage": 11.839644693782141,
    "layer_27_special_percentage": 0.9877295838954031,
    "layer_27_punctuation_percentage": 11.771362976029886,
    "layer_28_special_percentage": 0.958895552223888,
    "layer_28_punctuation_percentage": 11.61658753956355,
    "layer_29_special_percentage": 0.933965182043125,
    "layer_29_punctuation_percentage": 11.690305761753269,
    "layer_30_special_percentage": 0.8853827235204669,
    "layer_30_punctuation_percentage": 11.289393445675449,
    "layer_31_special_percentage": 0.8595008051529791,
    "layer_31_punctuation_percentage": 11.541822207583078,
    "head_0_special_percentage": 1.5718020025148833,
    "head_0_punctuation_percentage": 12.648071140236913,
    "head_1_special_percentage": 1.57615000252184,
    "head_1_punctuation_percentage": 12.501282660002051,
    "head_2_special_percentage": 1.5811067225297708,
    "head_2_punctuation_percentage": 12.576503060122405,
    "head_3_special_percentage": 1.5724107225158572,
    "head_3_punctuation_percentage": 12.543719140069951,
    "head_4_special_percentage": 1.5789327225262924,
    "head_4_punctuation_percentage": 12.777554580444086,
    "head_5_special_percentage": 1.5791066425265705,
    "head_5_punctuation_percentage": 12.392147859827435,
    "head_6_special_percentage": 1.5745847225193357,
    "head_6_punctuation_percentage": 12.429627619887404,
    "head_7_special_percentage": 1.5827589625324143,
    "head_7_punctuation_percentage": 12.797555380476089,
    "head_8_special_percentage": 1.570323682512518,
    "head_8_punctuation_percentage": 12.618069940188912,
    "head_9_special_percentage": 1.5929332825486933,
    "head_9_punctuation_percentage": 12.676941860283106,
    "head_10_special_percentage": 1.5805849625289359,
    "head_10_punctuation_percentage": 12.444497779911197,
    "head_11_special_percentage": 1.5760630425217008,
    "head_11_punctuation_percentage": 12.678854980286166,
    "head_12_special_percentage": 1.579889282527823,
    "head_12_punctuation_percentage": 12.888950340622321,
    "head_13_special_percentage": 1.578584882525736,
    "head_13_punctuation_percentage": 12.539371140062995,
    "head_14_special_percentage": 1.585106882536171,
    "head_14_punctuation_percentage": 12.64128826022606,
    "head_15_special_percentage": 1.5831068025329709,
    "head_15_punctuation_percentage": 12.607547780172077,
    "head_16_special_percentage": 1.57615000252184,
    "head_16_punctuation_percentage": 12.562502500100004,
    "head_17_special_percentage": 1.59328112254925,
    "head_17_punctuation_percentage": 12.49745641999593,
    "head_18_special_percentage": 1.577454402523927,
    "head_18_punctuation_percentage": 12.66763714026822,
    "head_19_special_percentage": 1.5897157625435452,
    "head_19_punctuation_percentage": 12.48954305998327,
    "head_20_special_percentage": 1.5777152825243446,
    "head_20_punctuation_percentage": 12.944691700711507,
    "head_21_special_percentage": 1.5731933625171095,
    "head_21_punctuation_percentage": 12.61024354017639,
    "head_22_special_percentage": 1.5725846425161354,
    "head_22_punctuation_percentage": 12.385625859817003,
    "head_23_special_percentage": 1.5771065625233704,
    "head_23_punctuation_percentage": 12.81964322051143,
    "head_24_special_percentage": 1.5733672825173877,
    "head_24_punctuation_percentage": 12.626678980202687,
    "head_25_special_percentage": 1.59328112254925,
    "head_25_punctuation_percentage": 12.605286820168459,
    "head_26_special_percentage": 1.5824111225318578,
    "head_26_punctuation_percentage": 12.463976819942364,
    "head_27_special_percentage": 1.57615000252184,
    "head_27_punctuation_percentage": 12.549110660078577,
    "head_28_special_percentage": 1.5801501625282401,
    "head_28_punctuation_percentage": 12.726509060362414,
    "head_29_special_percentage": 1.5821502425314404,
    "head_29_punctuation_percentage": 12.483021059972833,
    "head_30_special_percentage": 1.5986726425578763,
    "head_30_punctuation_percentage": 12.57789442012463,
    "head_31_special_percentage": 1.5998900825598241,
    "head_31_punctuation_percentage": 12.556763140090823,
    "prefill_tokens": 2908.710144927536,
    "decode_tokens": 31.36231884057971,