{
    "quality": {
        "max_memory_gb": 24.656216064,
        "layer_0_special_percentage": 1.5640037647192029,
        "layer_0_punctuation_percentage": 11.013749716938406,
        "layer_1_special_percentage": 1.566215183423913,
        "layer_1_punctuation_percentage": 13.776519333106885,
        "layer_2_special_percentage": 1.5761223392210144,
        "layer_2_punctuation_percentage": 12.12273196897645,
        "layer_3_special_percentage": 1.5791298686594204,
        "layer_3_punctuation_percentage": 12.291684358016305,
        "layer_4_special_percentage": 1.577979930932971,
        "layer_4_punctuation_percentage": 12.032594542572463,
        "layer_5_special_percentage": 1.583641162817029,
        "layer_5_punctuation_percentage": 12.10663284080616,
        "layer_6_special_percentage": 1.5974404155344204,
        "layer_6_punctuation_percentage": 13.089918053668478,
        "layer_7_special_percentage": 1.5961135643115942,
        "layer_7_punctuation_percentage": 13.734944661458334,
        "layer_8_special_percentage": 1.606109176856884,
        "layer_8_punctuation_percentage": 13.853211333786232,
        "layer_9_special_percentage": 1.5865602355072463,
        "layer_9_punctuation_percentage": 13.721676149230072,
        "layer_10_special_percentage": 1.6192892323369565,
        "layer_10_punctuation_percentage": 13.915219514266305,
        "layer_11_special_percentage": 1.6347691632699275,
        "layer_11_punctuation_percentage": 13.806417713994565,
        "layer_12_special_percentage": 1.6430840975996377,
        "layer_12_punctuation_percentage": 13.539012964221014,
        "layer_13_special_percentage": 1.6276041666666667,
        "layer_13_punctuation_percentage": 13.671167346014492,
        "layer_14_special_percentage": 1.6360075577445652,
        "layer_14_punctuation_percentage": 13.652237601902174,
        "layer_15_special_percentage": 1.6058438066123188,
        "layer_15_punctuation_percentage": 13.589433310688406,
        "layer_16_special_percentage": 1.6210583673007246,
        "layer_16_punctuation_percentage": 13.518667912137682,
        "layer_17_special_percentage": 1.6181392946105073,
        "layer_17_punctuation_percentage": 13.106901749320652,
        "layer_18_special_percentage": 1.608497509057971,
        "layer_18_punctuation_percentage": 13.35166157155797,
        "layer_19_special_percentage": 1.6101781872735508,
        "layer_19_punctuation_percentage": 13.270989017210145,
        "layer_20_special_percentage": 1.6158394191576086,
        "layer_20_punctuation_percentage": 12.715746008831522,
        "layer_21_special_percentage": 1.6106204710144927,
        "layer_21_punctuation_percentage": 12.571738422780797,
        "layer_22_special_percentage": 1.613981827445652,
        "layer_22_punctuation_percentage": 12.51556838768116,
        "layer_23_special_percentage": 1.5922214673913044,
        "layer_23_punctuation_percentage": 12.356169327445652,
        "layer_24_special_percentage": 1.6110627547554348,
        "layer_24_punctuation_percentage": 12.418531334918478,
        "layer_25_special_percentage": 1.6158394191576086,
        "layer_25_punctuation_percentage": 12.671252264492754,
        "layer_26_special_percentage": 1.6134510869565217,
        "layer_26_punctuation_percentage": 12.755993829257246,
        "layer_27_special_percentage": 1.5805451766304348,
        "layer_27_punctuation_percentage": 12.944318246150363,
        "layer_28_special_percentage": 1.6006248584692029,
        "layer_28_punctuation_percentage": 12.657895295516305,
        "layer_29_special_percentage": 1.6177854676177537,
        "layer_29_punctuation_percentage": 12.823486328125,
        "layer_30_special_percentage": 1.5872678894927537,
        "layer_30_punctuation_percentage": 12.494957965353262,
        "layer_31_special_percentage": 1.620262256567029,
        "layer_31_punctuation_percentage": 12.691155032835145,
        "head_0_special_percentage": 1.590363875679348,
        "head_0_punctuation_percentage": 13.043832087862318,
        "head_1_special_percentage": 1.5984134397644927,
        "head_1_punctuation_percentage": 12.814817566802537,
        "head_2_special_percentage": 1.6049592391304348,
        "head_2_punctuation_percentage": 12.798629981884059,
        "head_3_special_percentage": 1.598236526268116,
        "head_3_punctuation_percentage": 12.975631935009059,
        "head_4_special_percentage": 1.602393993432971,
        "head_4_punctuation_percentage": 13.166167770606885,
        "head_5_special_percentage": 1.6042515851449275,
        "head_5_punctuation_percentage": 12.762893455615941,
        "head_6_special_percentage": 1.59912109375,
        "head_6_punctuation_percentage": 12.820567255434783,
        "head_7_special_percentage": 1.6098243602807971,
        "head_7_punctuation_percentage": 13.130961984827898,
        "head_8_special_percentage": 1.5923983808876812,
        "head_8_punctuation_percentage": 13.05878127830616,
        "head_9_special_percentage": 1.6145125679347827,
        "head_9_punctuation_percentage": 12.915392889492754,
        "head_10_special_percentage": 1.6036323879076086,
        "head_10_punctuation_percentage": 12.78129245923913,
        "head_11_special_percentage": 1.5985018965126812,
        "head_11_punctuation_percentage": 13.069396088088768,
        "head_12_special_percentage": 1.6077013983242754,
        "head_12_punctuation_percentage": 13.302656533061594,
        "head_13_special_percentage": 1.6053130661231885,
        "head_13_punctuation_percentage": 12.897082342617754,
        "head_14_special_percentage": 1.6077013983242754,
        "head_14_punctuation_percentage": 13.079657070878623,
        "head_15_special_percentage": 1.6083205955615942,
        "head_15_punctuation_percentage": 12.751128708106885,
        "head_16_special_percentage": 1.6012440557065217,
        "head_16_punctuation_percentage": 12.835870272871377,
        "head_17_special_percentage": 1.6138049139492754,
        "head_17_punctuation_percentage": 12.889917346014492,
        "head_18_special_percentage": 1.6075244848278984,
        "head_18_punctuation_percentage": 12.991200322690217,
        "head_19_special_percentage": 1.6042515851449275,
        "head_19_punctuation_percentage": 12.833393483922102,
        "head_20_special_percentage": 1.6006248584692029,
        "head_20_punctuation_percentage": 13.399693585824275,
        "head_21_special_percentage": 1.6049592391304348,
        "head_21_punctuation_percentage": 13.031978883605072,
        "head_22_special_percentage": 1.5962020210597827,
        "head_22_punctuation_percentage": 12.758382161458334,
        "head_23_special_percentage": 1.5957597373188406,
        "head_23_punctuation_percentage": 13.300798941349637,
        "head_24_special_percentage": 1.6006248584692029,
        "head_24_punctuation_percentage": 12.93671096580616,
        "head_25_special_percentage": 1.6117704087409421,
        "head_25_punctuation_percentage": 12.923707823822463,
        "head_26_special_percentage": 1.6065514605978262,
        "head_26_punctuation_percentage": 12.761743517889492,
        "head_27_special_percentage": 1.5976173290307971,
        "head_27_punctuation_percentage": 12.887440557065217,
        "head_28_special_percentage": 1.601774796195652,
        "head_28_punctuation_percentage": 13.211103798686594,
        "head_29_special_percentage": 1.6024824501811594,
        "head_29_punctuation_percentage": 12.802787449048912,
        "head_30_special_percentage": 1.621766021286232,
        "head_30_punctuation_percentage": 12.898232280344203,
        "head_31_special_percentage": 1.6246850939764492,
        "head_31_punctuation_percentage": 12.950333305027174,
        "prefill_tokens": 2908.710144927536,
        "decode_tokens": 31.492753623188406,