{
    "max_memory_gb": 24.656216064,
    "layer_0_special_percentage": 0.8109171424388816,
    "layer_0_punctuation_percentage": 10.749295491143318,
    "layer_1_special_percentage": 0.8619134624336654,
    "layer_1_punctuation_percentage": 13.146616935108463,
    "layer_2_special_percentage": 0.9083076255663742,
    "layer_2_punctuation_percentage": 11.500208875606543,
    "layer_3_special_percentage": 0.9412481259370316,
    "layer_3_punctuation_percentage": 11.827575795435616,
    "layer_4_special_percentage": 0.9754613295977311,
    "layer_4_punctuation_percentage": 11.654030905191794,
    "layer_5_special_percentage": 1.0203141295357285,
    "layer_5_punctuation_percentage": 11.73338772611213,
    "layer_6_special_percentage": 1.0624976594390143,
    "layer_6_punctuation_percentage": 12.452720668089729,
    "layer_7_special_percentage": 1.098913043478261,
    "layer_7_punctuation_percentage": 13.125301932367151,
    "layer_8_special_percentage": 1.1538189818739655,
    "layer_8_punctuation_percentage": 13.3020972104477,
    "layer_9_special_percentage": 1.1937111801242237,
    "layer_9_punctuation_percentage": 13.23374846833143,
    "layer_10_special_percentage": 1.2751794974072597,
    "layer_10_punctuation_percentage": 13.52137625758986,
    "layer_11_special_percentage": 1.3517055780791276,
    "layer_11_punctuation_percentage": 13.615499324292838,
    "layer_12_special_percentage": 1.428319209039548,
    "layer_12_punctuation_percentage": 13.377548513878654,
    "layer_13_special_percentage": 1.4969189912212353,
    "layer_13_punctuation_percentage": 13.55359786504597,
    "layer_14_special_percentage": 1.5701331216414265,
    "layer_14_punctuation_percentage": 13.596201080171525,
    "layer_15_special_percentage": 1.6374718517235407,
    "layer_15_punctuation_percentage": 13.624848432357528,
    "layer_16_special_percentage": 1.7641843971631206,
    "layer_16_punctuation_percentage": 13.734100370027752,
    "layer_17_special_percentage": 1.8884215141287803,
    "layer_17_punctuation_percentage": 13.467837998808815,
    "layer_18_special_percentage": 2.022649389590919,
    "layer_18_punctuation_percentage": 13.929976975797816,
    "layer_19_special_percentage": 2.1931672866775167,
    "layer_19_punctuation_percentage": 14.207572851274897,
    "layer_20_special_percentage": 2.407248495635223,
    "layer_20_punctuation_percentage": 13.842407195525045,
    "layer_21_special_percentage": 2.577533953149212,
    "layer_21_punctuation_percentage": 14.08471766475253,
    "layer_22_special_percentage": 2.8697299077733858,
    "layer_22_punctuation_percentage": 14.310327353805615,
    "layer_23_special_percentage": 3.151360110960145,
    "layer_23_punctuation_percentage": 14.807836560235508,
    "layer_24_special_percentage": 3.1970037930253623,
    "layer_24_punctuation_percentage": 14.635522814764492,
    "layer_25_special_percentage": 3.1855044157608696,
    "layer_25_punctuation_percentage": 15.054984714673912,
    "layer_26_special_percentage": 3.1708205955615942,
    "layer_26_punctuation_percentage": 15.024201766304348,
    "layer_27_special_percentage": 3.1361455502717392,
    "layer_27_punctuation_percentage": 15.52292091259058,
    "layer_28_special_percentage": 3.159851958786232,
    "layer_28_punctuation_percentage": 15.080460258152174,
    "layer_29_special_percentage": 3.182319972826087,
    "layer_29_punctuation_percentage": 14.93415279664855,
    "layer_30_special_percentage": 3.147821841032609,
    "layer_30_punctuation_percentage": 14.670905514039855,
    "layer_31_special_percentage": 3.1801970108695654,
    "layer_31_punctuation_percentage": 14.847995923913043,
    "head_0_special_percentage": 1.563975602502361,
    "head_0_punctuation_percentage": 13.223659381157855,
    "head_1_special_percentage": 1.5727585625164138,
    "head_1_punctuation_percentage": 13.045130500872208,
    "head_2_special_percentage": 1.569714962511544,
    "head_2_punctuation_percentage": 12.807207940491534,
    "head_3_special_percentage": 1.5681496825090395,
    "head_3_punctuation_percentage": 13.106263380970022,
    "head_4_special_percentage": 1.5755412825208661,
    "head_4_punctuation_percentage": 13.383665781413866,
    "head_5_special_percentage": 1.5782370425251793,
    "head_5_punctuation_percentage": 12.991824020786918,
    "head_6_special_percentage": 1.5664104825062568,
    "head_6_punctuation_percentage": 12.993911060790257,
    "head_7_special_percentage": 1.5796284025274057,
    "head_7_punctuation_percentage": 13.316184821305896,
    "head_8_special_percentage": 1.5691932025107092,
    "head_8_punctuation_percentage": 13.3841875414147,
    "head_9_special_percentage": 1.5858895225374232,
    "head_9_punctuation_percentage": 13.050695940881115,
    "head_10_special_percentage": 1.5787588025260142,
    "head_10_punctuation_percentage": 12.959561860735299,
    "head_11_special_percentage": 1.5708454425133527,
    "head_11_punctuation_percentage": 13.144351861030962,
    "head_12_special_percentage": 1.5782370425251793,
    "head_12_punctuation_percentage": 13.435320021496512,
    "head_13_special_percentage": 1.5711932825139094,
    "head_13_punctuation_percentage": 13.152265221043624,
    "head_14_special_percentage": 1.5783240025253185,
    "head_14_punctuation_percentage": 13.272878741236607,
    "head_15_special_percentage": 1.58119368252991,
    "head_15_punctuation_percentage": 12.858253460573206,
    "head_16_special_percentage": 1.576758722522814,
    "head_16_punctuation_percentage": 12.985736820777179,
    "head_17_special_percentage": 1.5797153625275446,
    "head_17_punctuation_percentage": 13.045826180873323,
    "head_18_special_percentage": 1.5802371225283793,
    "head_18_punctuation_percentage": 12.989041300782466,
    "head_19_special_percentage": 1.5737151225179442,
    "head_19_punctuation_percentage": 13.005041940808068,
    "head_20_special_percentage": 1.5750195225200312,
    "head_20_punctuation_percentage": 13.610109621776175,
    "head_21_special_percentage": 1.5794544825271273,
    "head_21_punctuation_percentage": 13.429754581487607,
    "head_22_special_percentage": 1.565975682505561,
    "head_22_punctuation_percentage": 12.99869386079791,
    "head_23_special_percentage": 1.5689323225102916,
    "head_23_punctuation_percentage": 13.474017221558427,
    "head_24_special_percentage": 1.5764108825222576,
    "head_24_punctuation_percentage": 13.138264661021223,
    "head_25_special_percentage": 1.5846720825354752,
    "head_25_punctuation_percentage": 12.997650340796241,
    "head_26_special_percentage": 1.5795414425272662,
    "head_26_punctuation_percentage": 12.93121290068994,
    "head_27_special_percentage": 1.5657148025051437,
    "head_27_punctuation_percentage": 13.051478580882366,
    "head_28_special_percentage": 1.571019362513631,
    "head_28_punctuation_percentage": 13.417145381467432,
    "head_29_special_percentage": 1.5681496825090395,
    "head_29_punctuation_percentage": 12.888602500621765,
    "head_30_special_percentage": 1.5864982425383973,
    "head_30_punctuation_percentage": 13.019564260831304,
    "head_31_special_percentage": 1.5881504825410406,
    "head_31_punctuation_percentage": 13.134786261015657,
    "prefill_tokens": 2908.710144927536,
    "decode_tokens": 31.492753623188406,