{
    "max_memory_gb": 16.856907776,
    "prefill_tokens": 2908.710144927536,
    "decode_tokens": 31.753623188405797,
    "prefill_toks_per_sec": [
        3351.67912170854,
        3695.2183748239217,
        3809.726103840695,
        3813.2000181041417,
        3820.730112547288,
        3822.3894589728425,
        3822.443639042113,
        3825.1549106233665,
        3828.796637498716,
        3836.5705323499633,
        3836.591371462543,
        3837.4564424165073,
        3839.522885207774,
        3846.307920344302,
        3848.650860151469,
        3852.5450132376777,
        3854.0573847122973,
        3854.916433799914,
        3860.8014661873763,
        3862.3056191978985,
        3862.9735909500673,
        3870.3882070491372,
        3876.6869513931456,
        3878.133531136738,
        3880.5023414071134,
        3881.1673782464104,
        3881.7436819861628,
        3882.515320741668,
        3883.428276800426,
        3889.155146383146,
        3896.367772366122,
        3897.1241820752643,
        3897.3419544801036,
        3898.0120476951806,
        3898.4822561105616,
        3901.663139260755,
        3902.914469317422,
        3904.9116835015425,
        3907.6554201476024,
        3907.664796543007,
        3911.5980868390493,
        3920.008266882628,
        3924.3677429462673,
        3924.9770008947407,
        3934.707150128899,
        3939.9524910374043,
        3942.9468028686233,
        3949.226010637492,
        3954.2085170268165,
        3954.690217282961,
        3956.788843217436,
        3958.145824272617,
        3961.1085032866795,
        3961.977909764019,
        3975.03543897568,
        3980.226259476625,
        3981.5841746448964,
        3981.674191603212,
        3981.9355820399496,
        3984.806439270235,
        3986.935678589322,
        3992.34804439854,
        4022.3637838136724,
        4031.9854292109217,
        4051.666246095774,
        4065.124413720739,
        4072.5950679568587,
        4073.337620875721,
        4106.182829469429
    ],
    "prefill_toks_per_sec_top_10p": 4060.465055877588,
    "decode_toks_per_sec": [
        16.963173497347945,
        17.06277930768245,
        17.073885464471033,
        17.07497593349291,
        17.091213538585368,
        17.105976224806085,
        17.1070823463884,
        17.10899588711545,
        17.109888542170324,
        17.111314073071366,
        17.112024762957756,
        17.112550600344722,
        17.113944319491665,
        17.114941087742487,
        17.117423897281824,
        17.117697057813533,
        17.12042467267701,
        17.127942845003318,
        17.130253767936193,
        17.130277920195486,
        17.13167398185741,
        17.13397207033575,
        17.135723413641394,
        17.136690994722205,
        17.137237734549647,
        17.138424565839,
        17.138590682677684,
        17.138767095583972,
        17.138877718826816,
        17.138923233781256,
        17.14142213975723,
        17.14528409412159,
        17.145539390590873,
        17.147603396069787,
        17.14795711018526,
        17.150085008667318,
        17.1511998557643,
        17.15128772928671,
        17.154543999311993,
        17.156221939801718,
        17.160991029885682,
        17.181002752199586,
        17.196611942960562,
        17.20611094646111,
        17.2150174638864,
        17.215851346264774,
        17.219492061769753,
        17.22375683209879,
        17.224891225738226,
        17.22688248327109,
        17.243961159470373,
        17.24505570149231,
        17.2465786397401,
        17.25355878851457,
        17.255350991376677,
        17.262150293627897,
        17.2717617269178,
        17.276954611666614,
        17.298191373124496,
        17.299003128392464,
        17.30894967226181,
        17.31217907064351,
        17.314264199514522,
        17.32053217024503,
        17.321990294174967,
        17.33089287216591,
        17.338361679513234,
        17.341883966080946,
        17.53786262407488
    ],
    "decode_toks_per_sec_top_10p": 17.3579696865385,
    "total_toks_per_sec": [
        9.341132636028458,
        11.954067020270383,
        11.954400642243723,
        12.064549883932669,
        12.073441914919476,
        12.08097095742002,
        12.088990395774267,
        12.095654186764733,
        12.10171432246288,
        12.102586519957592,
        12.103724432714724,
        12.107874876882835,
        12.107978847259089,
        12.108856249485388,
        12.10953709785995,
        12.119144216833316,
        12.120810491440295,
        12.122407835669105,
        12.123184209091074,
        12.125231462056156,
        12.126082368731428,
        12.126511307801673,
        12.140171830473898,
        12.142213102692665,
        12.152997540143827,
        12.153469447841763,
        12.154366336822763,
        12.155565542566263,
        12.157176620485542,
        12.16354258163565,
        12.168749220402578,
        12.172614807988987,
        12.17484889735253,
        12.183518937679834,
        12.190268228147184,
        12.19538648054705,
        12.19593432499273,
        12.208289084936144,
        12.217999722696232,
        12.2507934385192,
        12.254115980264823,
        12.256396702453996,
        12.266921843432785,
        12.276199680776648,
        12.306994260507143,
        12.316385072219438,
        12.3255544884822,
        12.340565545474268,
        12.343155013188309,
        12.343770528231095,
        12.358896749632308,
        12.39157141629084,
        12.413070621857724,
        12.426130654028155,
        12.43583171205794,
        12.442585745212718,
        12.479319698667664,
        12.543022627992467,
        12.545218909690607,
        12.560208405243754,
        12.571842615349086,
        12.578304391447357,
        12.588188393254905,
        12.619316441916178,
        12.623622380874163,
        12.63442115934599,
        12.664929720007956,
        12.725666815352179,
        12.73192016441288
    ],
    "total_toks_per_sec_top_10p": 12.655437867880607,
    "total_seconds": 2.593789997038202,
    "total_seconds_min": 1.605800986289978,
    "total_seconds_max": 2.6769132167100906,
    "total_seconds_median": 2.623943082988262,
    "prefill_seconds": 0.7456225374362607,
    "decode_seconds": 1.8481674596019413,
    "decode_seconds_frac_of_total": 0.7116660303164721,
    "memory_used_gb": 16.737096570434783,
    "compression_ratio_0": 0.0,
    "compression_ratio_1": 0.0,
    "compression_ratio_2": 0.0,
    "compression_ratio_3": 0.0,
    "compression_ratio_4": 0.0,
    "compression_ratio_5": 0.0,
    "compression_ratio_6": 0.0,
    "compression_ratio_7": 0.0,
    "compression_ratio_8": 0.0,
    "compression_ratio_9": 0.0,
    "compression_ratio_10": 0.0,
    "compression_ratio_11": 0.0,
    "compression_ratio_12": 0.0,
    "compression_ratio_13": 0.0,
    "compression_ratio_14": 0.0,
    "compression_ratio_15": 0.0,
    "compression_ratio_16": 0.0,
    "compression_ratio_17": 0.0,
    "compression_ratio_18": 0.0,
    "compression_ratio_19": 0.0,
    "compression_ratio_20": 0.0,
    "compression_ratio_21": 0.0,
    "compression_ratio_22": 0.0,
    "compression_ratio_23": 0.0,
    "compression_ratio_24": 0.0,
    "compression_ratio_25": 0.0,
    "compression_ratio_26": 0.0,
    "compression_ratio_27": 0.0,
    "compression_ratio_28": 0.0,
    "compression_ratio_29": 0.0,
    "compression_ratio_30": 0.0,
    "compression_ratio_31": 0.0,
    "compression_ratio_avg": 0.0,
    "cache_memory_gb": 1.9574166536331177,
    "BertScore_precision": 0.7938033584235371,
    "BertScore_recall": 0.8450570469317229,
    "BertScore_f1": 0.8183630506197611
}