{
    "quality": {
        "max_memory_gb": 25.044189184,
        "prefill_tokens": 2908.710144927536,
        "decode_tokens": 31.768115942028984,
        "prefill_toks_per_sec": [
            314.532169269992,
            382.88691780456446,
            383.8000465871347,
            383.858041129433,
            383.9049778805727,
            383.94928462136596,
            384.0946375243413,
            384.14497511086887,
            384.32438044327694,
            384.38624946337444,
            384.53185078000064,
            384.54768599153266,
            384.5877546019305,
            384.6174558777931,
            384.63419035279037,
            384.6652851347744,
            384.9056216737017,
            384.9985068702524,
            385.07536926721787,
            385.45583289604923,
            385.53800272075614,
            385.56411942489694,
            385.7528030137409,
            385.7955712784098,
            385.94538438632463,
            386.4201555033493,
            386.4922643009183,
            386.99211565880546,
            386.9930672918281,
            387.0956402913619,
            387.16139478066873,
            387.3928605377186,
            387.66453616319586,
            387.8992650622112,
            388.41240855838794,
            389.13981342136964,
            390.01002249760364,
            390.0850551489959,
            390.2587742139648,
            391.14148798602855,
            392.07002711655576,
            392.0966586127089,
            392.9890367346596,
            402.1272780982349,
            402.550133562755,
            405.0629766667092,
            405.22213692325954,
            405.2567632541064,
            405.3134864693363,
            405.5663208801919,
            405.61253123004917,
            405.6428122286149,
            405.8226337417254,
            406.23361427196977,
            406.29735943899425,
            406.6325436643836,
            406.82519310162905,
            407.24490553218294,
            407.5469815421485,
            407.746937547885,
            407.77397305100305,
            408.0494929006918,
            408.3046038390313,
            408.59377474368506,
            408.75717877111146,
            409.07504992262966,
            409.78115144536,
            409.9663185142863,
            410.58892997870214
        ],
        "prefill_toks_per_sec_top_10p": 409.29528674497226,
        "decode_toks_per_sec": [
            1.7810754672255324,
            2.1910600606973762,
            2.4654934195195417,
            2.496758086662961,
            2.520457994295714,
            2.5693198177296046,
            2.571967610412535,
            2.573191152661477,
            2.5732546291271072,
            2.5742499039347204,
            2.574769290095023,
            2.5748338277270744,
            2.5748365012683276,
            2.5757628461844915,
            2.5757676418000495,
            2.5762325892508438,
            2.5763623701001097,
            2.576587557502452,
            2.577275701179409,
            2.5779167764808055,
            2.6057565281461246,
            2.6069206105477623,
            2.607177504998491,
            2.625823748962403,
            2.625876495589816,
            2.626138965485846,
            2.6268846192040836,
            2.6272740637865906,
            2.6341313789088416,
            2.6343198641528494,
            2.6354224870273586,
            2.6361562149604336,
            2.6362040524287687,
            2.6363693781068123,
            2.6366609881335235,
            2.6371263175220245,
            2.6422300299411976,
            2.643121513352131,
            2.6556213305686382,
            2.6577777731215604,
            2.660138979031332,
            2.6650801870592513,
            2.6653050070966815,
            2.6840987620328547,
            2.685129384291543,
            2.687571742110012,
            2.6879916310761662,
            2.6890486111543095,
            2.689189777002847,
            2.6910968019708834,
            2.6918713550311457,
            2.697448551003245,
            2.6997226238912595,
            2.701138572412842,
            2.7016069289807327,
            2.701989231194338,
            2.702101306119023,
            2.7027030037668744,
            2.7067252713471075,
            2.7088543419017794,
            2.718244244636465,
            2.730867818636022,
            2.7506636357978027,
            2.7519254263563298,
            2.7689184241261646,
            2.769301766663562,
            2.7973151047951337,
            2.9107347601880944,
            3.2174189123150057
        ],
        "decode_toks_per_sec_top_10p": 2.852325432891728,
        "total_toks_per_sec": [
            1.2664426455971058,
            1.2723522802796177,
            1.4620178648529782,
            1.4881220982746148,
            1.5744617240500718,
            1.5833808627550234,
            1.5846689997413765,
            1.5870150933560165,
            1.5874768661116212,
            1.5877490183525547,
            1.588962896954189,
            1.5893156844172673,
            1.5902540371506733,
            1.5903381477106278,
            1.5910579736130017,
            1.5922138664723118,
            1.5938955909518342,
            1.5981033634815944,
            1.6036596510278,
            1.6047846180380787,
            1.6050410223758957,
            1.6077022161155516,
            1.6087608920410046,
            1.6131741216707596,
            1.6134675435547488,
            1.6140646044232148,
            1.614289075565605,
            1.6145751247547622,
            1.6162844158033003,
            1.6198196449770428,
            1.6202151321661684,
            1.6263998716310484,
            1.6264250771431832,
            1.633201554043381,
            1.6354184612815856,
            1.6371843707444687,
            1.638764879367254,
            1.6397766732850314,
            1.6431005443972315,
            1.6450497618022677,
            1.6486687752645743,
            1.6501849286425498,
            1.6517352658671827,
            1.6619161313264337,
            1.664700828065919,
            1.6668778731502831,
            1.6696739651960237,
            1.6704052244643441,
            1.6727186142775063,
            1.673200307866604,
            1.6737094552840996,
            1.6747479068223725,
            1.675854837474728,
            1.6759438929248298,
            1.6804214481350241,
            1.6893124621092466,
            1.689758120356226,
            1.6944222944164928,
            1.696384167314465,
            1.6989071647993754,
            1.7020944576827517,
            1.7076828139220348,
            1.710849173527284,
            1.7158303221530316,
            1.7182008007229543,
            1.7196040089037545,
            1.721223351880775,
            1.7298182194197258,
            1.7442047330048225
        ],
        "total_toks_per_sec_top_10p": 1.7228186585160497,
        "total_seconds": 19.52572221438522,
        "total_seconds_min": 12.575133670121431,
        "total_seconds_max": 25.26762669533491,
        "total_seconds_median": 19.545752190053463,
        "prefill_seconds": 7.413011631941882,
        "decode_seconds": 12.112710582443338,
        "decode_seconds_frac_of_total": 0.6189286160842773,
        "memory_used_gb": 24.89261676336232,
        "compression_ratio_0": 0.766926848370096,
        "avg_strategy_idx_0": 0.0,
        "special_punc_heavy_hitter_0": 1.0,
        "compression_ratio_1": 0.766926848370096,
        "avg_strategy_idx_1": 0.0,
        "special_punc_heavy_hitter_1": 1.0,
        "compression_ratio_2": 0.766926848370096,
        "avg_strategy_idx_2": 0.0,
        "special_punc_heavy_hitter_2": 1.0,
        "compression_ratio_3": 0.766926848370096,
        "avg_strategy_idx_3": 0.0,
        "special_punc_heavy_hitter_3": 1.0,
        "compression_ratio_4": 0.766926848370096,
        "avg_strategy_idx_4": 0.0,